Name,Service Games Won,Return Games Won
Aleksandar Kovacevic,85,23
Martin Krumich,0,0
Maximilian Marterer,75,9
Mats Rosenkranz,0,0
Alexandre Muller,0,0
Andrej Martin,70,0
Giulio Zeppieri,79,15
Lucas Miedler,0,0
Zsombor Piros,0,0
Kyrian Jacquet,0,0
Liam Broady,76,18
Hady Habib,0,0
Rinky Hijikata,73,12
Robin Bertrand,0,0
Carlos Taberner,68,23
Nick Chappell,80,0
Felipe Meligeni Alves,14,25
David Poljak,0,0
Ryan Peniston,80,19
Valerio Aboian,0,0
Ricardas Berankis,75,16
Marko Topo,61,0
Alexander Ritschard,76,17
Sandro Kopp,0,0
Geoffrey Blancaneaux,64,18
Ethan Quinn,0,0
Flavio Cobolli,53,24
Martin Damm,0,0
Henri Laaksonen,66,13
Dayne Kelly,0,0
Fabian Marozsan,0,0
Martin Cuevas,0,0
Enzo Couacaud,85,11
Francesco Forti,0,0
Otto Virtanen,0,0
Jorge Panta,0,0
Facundo Mena,80,9
Mateus Alves,0,0
Arthur Rinderknech,84,14
Joao Sousa,75,22
Marco Cecchinato,70,22
Dimitar Kuzmanov,73,18
Toby Samuel,0,0
Ryan Harrison,0,0
Lorenzo Sonego,81,20
Soonwoo Kwon,76,21
Dominic Thiem,78,19
Kaichi Uchida,80,9
Matias Soto,0,0
James Trotter,0,0
Adrian Mannarino,80,20
Jordan Thompson,77,16
Radu Albot,78,21
Stefan Kozlov,64,20
Yuki Mochizuki,0,0
Jonathan Mridha,0,0
Brandon Nakashima,84,19
Cristian Garin,70,25
Emilio Gomez,60,13
Dominik Koepfer,70,21
Kalin Ivanovski,0,0
Riccardo Balzerani,0,0
Jenson Brooksby,75,26
Ugo Humbert,76,17
Juan Pablo Varillas,76,19
Francesco Maestrelli,67,8
Gabriele Piraino,0,0
Arjun Kadhe,75,13
Andy Murray,79,24
Marton Fucsovics,79,19
Denis Kudla,75,18
Frederico Ferreira Silva,0,0
Philip Sekulic,0,0
Alex Michelsen,0,0
Alex Molcan,77,23
Roman Safiullin,86,19
Jason Kubler,82,19
Nick Hardt,0,0
Constantin Bittoun Kouzmine,0,0
Corentin Moutet,77,24
Facundo Bagnis,73,22
Hugo Gaston,70,22
Cedrik-Marcel Stebe,89,11
Gonzalo Bueno,0,0
Gael Monfils,84,28
Gregoire Barrere,78,15
Jiri Vesely,82,13
Laurent Lokoli,0,0
Cannon Kingsley,0,0
David Goffin,75,25
Nikoloz Basilashvili,70,16
Steve Johnson,84,13
Antoine Escoffier,0,0
Saba Purtseladze,0,0
Filip Krajinovic,77,22
Taro Daniel,74,21
Tim van Rijthoven,86,15
Luciano Darderi,0,0
Alec Deckers,0,0
Fabio Fognini,72,24
Thanasi Kokkinakis,84,14
Nuno Borges,84,13
Alexis Galarneau,73,9
Daniele Capecchi,0,0
Marc-Andrea Huesler,86,14
Daniel Altmaier,72,15
Michael Mmoh,73,26
Rio Noguchi,74,8
Jc Aragone,0,0
Pedro Cachin,78,19
Tallon Griekspoor,81,15
Norbert Gombos,78,12
Evan Furness,71,29
Arthur Weber,0,0
Jaume Munar,74,26
Ben Shelton,90,13
Chun-Hsin Tseng,67,15
Li Tu,0,0
Shuichi Sekiguchi,0,0
Aslan Karatsev,75,22
Tomas Machac,79,19
Yibing Wu,81,21
Matheus Pucinelli De Almeida,53,29
Yuki Bhambri,79,20
Benjamin Bonzi,83,20
Vasek Pospisil,90,17
Pavel Kotov,66,23
Gianluca Mager,80,10
Johannus Monday,0,0
Marcos Giron,77,17
Zhizhen Zhang,83,13
Dominic Stricker,86,13
Andrea Vavassori,73,7
Justin Boulais,0,0
Pedro Martinez,74,23
Alejandro Tabilo,72,29
Francesco Passaro,68,12
Mitchell Krueger,81,17
Digvijaypratap Singh,0,0
Mackenzie Mcdonald,77,24
Evan Zhu,0,0
Tristan Schoolkate,0,0
Federico Arnaboldi,0,0
Quentin Halys,84,15
Denis Yevseyev,0,0
Benjamin Lock,0,0
Ilya Snitari,0,0
Constant Lestienne,77,20
Pol Martin Tiffon,0,0
Andrey Chepelev,0,0
August Holmgren,0,0
Jeffrey John Wolf,76,22
Salvatore Caruso,38,17
Giovanni Mpetshi Perricard,0,0
Matias Zukas,0,0
Daniel Elahi Galan,75,24
Ugo Blanchet,0,0
Alex Rybakov,0,0
Robert Strombachs,0,0
Richard Gasquet,79,23
Lukas Neumayer,0,0
Aidan  Mchugh,0,0
Luca Potenza,0,0
Mikael Ymer,74,30
Alexandar Lazarov,85,15
Gerald Melzer,67,17
Jules Marie,0,0
Laslo Djere,81,20
Javier Barranco Cosano,0,0
Marius Copil,87,0
Aldin Setkic,0,0
Thiago Monteiro,83,17
Terence Atmane,0,0
Stuart Parker,0,0
Khumoyun Sultanov,0,0
Bernabe Zapata Miralles,68,27
Daniel Dutra da Silva,70,10
Charles Broom,0,0
Arklon Huertas Del Pino Cordova,0,0
Ilya Ivashka,79,22
Zachary Svajda,67,25
Oleksandr Ovcharenko,0,0
Ezekiel Clark,0,0
Roberto Carballes Baena,74,21
Mats Moraing,0,0
Cem Ilkel,63,11
Sam Riffice,0,0
Federico Coria,68,25
Benjamin Hassan,0,0
Edan Leshem,82,18
Konstantin Kravchuk,0,0
Oscar Otte,80,20
Filip Cristian Jianu,0,0
Lucas Pouille,74,19
Pedro Sousa,50,22
Kamil Majchrzak,81,22
Pierre-Hugues Herbert,75,16
Arthur Cazaux,0,0
Eduard Esteve Lobato,0,0
Christopher Oconnell,79,16
Roberto Quiroz,0,0
Jason Jung,0,0
Yanki Erel,0,0
Tomas Martin Etcheverry,69,14
Ernests Gulbis,0,0
Ergi Kirkin,0,0
Stefano Napolitano,0,0
Dusan Lajovic,73,19
Beibit Zhukayev,14,14
Maks Kasnikowski,0,0
Sebastian Gima,0,0
Jiri Lehecka,75,18
Louis Wessels,0,0
Alvaro Lopez San Martin,0,0
Julian Lenz,0,0
Luca Van Assche,69,25
Juan Bautista Torres,0,0
Keegan Smith,0,0
Mirko Martinez,0,0
Vit Kopriva,62,31
Michael Geerts,50,0
James McCabe,0,0
Conner Huertas del Pino,0,0
Hugo Grenier,77,17
Hamad Medjedovic,62,18
Ben Patael,0,0
Jorge Martinez Martinez,0,0
Timofey Skatov,71,18
Harold Mayot,0,0
Jakub Mensik,0,0
Andres Martin,80,22
Gilles Simon,69,23
Hernan Casanova,67,0
Jose Pereira,0,0
Donald Young,0,0
Borna Gojo,82,15
Robin Haase,63,0
Mathias Bourgue,0,0
Peter Heller,0,0
Yosuke Watanuki,86,21
Nicolas Mejia,0,0
Jurgen Briand,0,0
Kyle Edmund,70,19
Manuel Guinard,69,26
Daniel Michalski,0,0
Illya Marchenko,0,0
Marvin Moeller,0,0
John Millman,78,16
Gonzalo Lama,78,0
Gianmarco Ferrari,0,0
Jack Pinnington Jones,0,0
Stan Wawrinka,81,15
Alessandro Giannessi,75,18
Gustavo Heide,0,0
Henry Patten,0,0
Filip Misolic,71,27
Jonas Forejtek,0,0
Matteo Martineau,0,0
Liam Draxl,0,0
Jan-Lennard Struff,82,12
Sho Shimabukuro,80,0
Damien Wenger,0,0
David Jorda Sanchis,0,0
Juan Manuel Cerundolo,65,20
Tennys Sandgren,70,3
Philipp Kohlschreiber,69,14
Lucas Catarina,59,35
Nicolas Jarry,87,5
Alastair Gray,83,19
Thiago Seyboth Wild,68,17
Sidharth Rawat,0,0
Mattia Bellucci,0,0
Nikolas Sanchez Izquierdo,0,0
Carlos Sanchez Jover,0,0
Jaime Faria,0,0
Alexander Shevchenko,57,14
Oriol Roca Batalla,0,0
Alex Marti Pujolras,0,0
Fajing Sun,0,0
James Duckworth,78,17
Pablo Cuevas,79,22
Daniel Rincon,0,0
Sebastian Prechtel,0,0
Gijs Brouwer,85,23
Hiroki Moriya,70,29
Sascha Gueymard Wayenburg,0,0
Igor Marcondes,0,0
Leandro Riedi,78,22
Francisco Comesana,0,0
Matias Franco Descotte,0,0
Roberto Cid,0,0
Dmitry Popko,0,0
Max Hans Rehberg,57,18
Max Houkes,0,0
Eduardo Ribeiro,0,0
Dragos Nicolae Madaras,56,0
Federico Gaio,70,10
Valentin Royer,0,0
Juan Pablo Paz,0,0
Rudolf Molleker,0,0
Facundo Juarez,0,0
Marc Polmans,0,0
Jerome Kym,0,0
Yunseong Chung,80,6
Omni Kumar,0,0
Alibek Kachmazov,0,0
Adrian Menendez-Maceiras,0,0
Vitaliy Sachko,82,9
Adam Walton,0,0
Carlos Lopez Montagud,0,0
Alafia Ayeni,0,0
Gauthier Onclin,0,0
Malek Jaziri,70,14
Mukund Sasikumar,0,0
Ramkumar Ramanathan,83,10
Joris De Loore,0,0
Oscar Jose Gutierrez,0,0
Carlos Alcaraz,84,31
Andrea Arnaboldi,0,0
Strong Kirchheimer,0,0
Rafael Nadal,83,31
Viktor Durasovic,59,5
Wilson Leite,0,0
Maxime Janvier,0,0
Karl Friberg,0,0
Casper Ruud,85,23
Christian Harrison,77,15
Oleg Prihodko,0,0
Stefanos Tsitsipas,86,21
Filip Horansky,0,0
Andrey Kuznetsov,53,35
Novak Djokovic,88,29
Aljaz Bedene,75,18
Carlos Gimeno Valero,43,0
Nicolas Moreno De Alboran,0,0
Nino Serdarusic,0,0
Bernard Tomic,0,0
Daniel Merida,0,0
Lukas Rosol,71,15
Peter Gojowczyk,64,13
Naoki Nakagawa,0,0
Simon Beaupain,0,0
Brandon Holt,82,25
Altug Celikbilek,83,22
Rimpei Kawakami,0,0
Marcello Serafini,0,0
Kimmer Coppejans,0,0
Lloyd Harris,81,12
Corentin Denolly,0,0
Patrick Kypson,0,0
Paul Jubb,76,13
Roman Andres Burruchaga,0,0
Ajeet Rai,0,0
Rubin Statham,0,0
Max Purcell,68,20
Skander Mansouri,0,0
Shintaro Imai,0,0
Murphy Cassone,0,0
Yu Hsiou Hsu,0,0
Jay Clarke,70,6
Denis Istomin,69,18
Mark Whitehouse,0,0
Dalibor Svrcina,0,0
Nerman Fatic,0,0
Leonardo Aboian,0,0
Gergely Madarasz,0,0
Marco Trungelliti,76,15
Ivan Gakhov,81,0
Abedallah Shelbayh,0,0
Aidan Mayo,0,0
Genaro Alberto Olivieri,0,0
Mariano Navone,0,0
Calvin Hemery,0,0
Sekou Bangoura,0,0
Thiago Agustin Tirante,0,0
Nam Hoang Ly,0,0
Felix Gill,0,0
Makoto Ochi,0,0
Ernesto Escobedo,68,11
Kacper Zuk,70,10
Arthur Fery,0,0
Orlando Luz,0,0
Gabriel Diallo,0,0
Andrea Collarini,0,0
David Pichler,0,0
Adria Soriano Barrera,0,0
Omar Jasika,0,0
Zdenek Kolar,78,14
Dino Prizmic,17,43
Thomas Fancutt,0,0
Nicholas David Ionel,0,0
Jan Choinski,0,0
JiSung Nam,91,0
Alexandr Cozbinov,0,0
Tomas Barrios Vera,62,0
Dane Sweeny,0,0
Colin Sinclair,0,0
Harry Wendelken,0,0
Nikola Milojevic,68,22
Matteo Gigante,0,0
Yshai Oliel,63,0
Imanol Lopez Morillo,0,0
Gastao Elias,0,0
Arthur Fils,75,13
Elliot Benchetrit,67,0
Giles Hussey,0,0
Miljan Zekic,0,0
Seong-chan Hong,67,0
Alexis Gautier,0,0
Shinji Hazawa,0,0
Felix Auger Aliassime,86,21
Diego Schwartzman,70,32
Alexei Popyrin,80,12
Steven Diez,63,0
Prajnesh Gunneswaran,60,20
Daniil Medvedev,86,27
Borna Coric,83,16
Pablo Andujar,65,28
Aziz Dougaz,0,0
Pedro Boscardin Dias,0,0
Andrey Rublev,85,24
Daniel Evans,79,24
Jurij Rodionov,84,9
Maximilian Neuchrist,0,0
Kenny De Schepper,0,0
Taylor Fritz,84,24
Grigor Dimitrov,82,22
Christopher Eubanks,87,11
Mate Valkusz,0,0
Alexander Weis,0,0
Hubert Hurkacz,91,18
Miomir Kecmanovic,79,25
Fernando Verdasco,73,19
Juan Ignacio Londero,70,21
Pablo Llamas Ruiz,0,0
Holger Rune,83,22
Francisco Cerundolo,75,28
Federico Delbonis,72,21
Bu Yunchaokete,0,0
Giovanni Oradini,0,0
Alexander Zverev,83,26
Alejandro Davidovich Fokina,74,26
Camilo Ugo Carabelli,65,21
Egor Gerasimov,73,19
Andreas Seppi,73,18
Pablo Carreno Busta,83,24
Tommy Paul,80,24
Elias Ymer,80,21
Timo Stodder,0,0
Billy Harris,0,0
Cameron Norrie,81,27
Sebastian Korda,80,26
Yannick Hanfmann,81,19
Raphael Collignon,0,0
Remy Bertola,0,0
Maxime Cressy,89,13
Jannik Sinner,83,27
Zizou Bergs,83,17
Lorenzo Giustino,0,0
Henri Squire,75,0
Matteo Berrettini,88,18
Botic van de Zandschulp,78,25
Aleksandar Vukic,85,13
Marek Gengel,0,0
Daniel Cukierman,0,0
Marin Cilic,86,23
Yoshihito Nishioka,76,22
Jack Sock,78,19
Lucas Gerch,0,0
Michael Vrbensky,0,0
Denis Shapovalov,85,18
Alexander Bublik,81,20
Hugo Dellien,72,20
Nicolas Alvarez Varona,64,32
Antoine Hoang,0,0
Frances Tiafoe,81,19
Reilly Opelka,91,11
Jelle Sels,0,0
Dan Added,0,0
Mathys Erhard,0,0
Karen Khachanov,82,20
Albert Ramos Vinolas,75,23
Matteo Arnaldi,80,13
Titouan Droguet,0,0
Sergey Fomin,0,0
Roberto Bautista Agut,82,27
Emil Ruusuvuori,78,25
Luca Nardi,75,13
Joao Domingues,0,0
Filip Peliwo,0,0
Nick Kyrgios,93,19
John Isner,92,8
Lukas Klein,76,15
Jesper de Jong,74,10
Moez Echargui,0,0
Lorenzo Musetti,78,24
Jack Draper,85,24
Jozef Kovalik,64,19
Daniel Masur,0,0
Andrew Paulson,0,0
Alex De Minaur,78,29
Sebastian Baez,74,25
Franco Agamenone,67,34
Valentin Vacherot,0,0
Edoardo Lavagno,0,0
Juan Pablo Ficovich,78,16
Stefano Travaglia,75,13
Guido Andreozzi,0,0
Eliakim Coulibaly,0,0
Georgii Kravchenko,0,0
Emilio Nava,64,10
Gonzalo Villanueva,82,9
Evgeny Donskoy,0,0
Bogdan Bobrov,0,0
Tristan Lamasine,0,0
Benoit Paire,67,17
Gian Marco Moroni,68,17
Alberto Barroso Campos,0,0
Gage Brymer,0,0
Jakub Paul,0,0
Dennis Novak,71,13
Evgeny Karlovskiy,0,0
Akira Santillan,0,0
Sumit Nagal,0,0
Tsung-Hao Huang,0,0
Andrea Pellegrino,0,0
Alejandro Moro Canas,0,0
Govind Nanda,0,0
Nicola Kuhn,78,6
Nathan Ponwith,0,0
Renzo Olivo,50,0
Joao Lucas Reis Da Silva,0,0
Mirza Basic,74,19
Timo Legout,0,0
Luke Saville,0,0
Antoine Bellier,87,18
Bjorn Fratangelo,62,0
Vladyslav Orlov,0,0
Michail Pervolarakis,72,14
Andres Andrade,0,0
Tung-Lin Wu,81,12
Thomas Fabbiano,60,20
Giovanni Fonio,0,0
Goncalo Oliveira,0,0
Jaimee Floyd Angele,0,0
Oleksii Krutykh,0,0
Ulises Blanch,0,0
Daniel Cox,0,0
Alfredo Perez,0,0
Rigele Te,0,0
Damir Dzumhur,67,24
Shintaro Mochizuki,58,18
Duje Ajdukovic,40,40
Leo Borg,64,20
Max Alcala Gurri,0,0
Riccardo Bonadio,0,0
Yasutaka Uchiyama,78,0
Johan Nikles,69,21
Inaki Montes-De La Torre,0,0
Tao Mu,0,0
Mikhail Kukushkin,74,11
Clement Tabur,0,0
Yuta Shimizu,38,13
Nicolas Barrientos,53,43
Noah Rubin,0,0
Adrian Andreev,0,0
Oliver Crawford,0,0
Juan Bautista Otegui,0,0
Alejo Lorenzo Lingua Lavallen,0,0
Sean Cuenin,0,0
Santiago Rodriguez Taverna,72,28
Gabriel Decamps,0,0
Sebastian Fanselow,0,0
Mili Poljicak,54,21
Amr Elsayed,0,0
Facundo Diaz Acosta,0,0
Alexey Vatutin,56,11
Dominik Palan,0,0
Christian Langmo,0,0
Maxime Chazal,0,0
Juncheng Shang,66,16
Nicolas Alvarez,0,0
Cezar Cretu,0,0
Eric Vanshelboim,0,0
Matthew Dellavedova,0,0
Sebastian Ofner,69,16
Elmar Ejupovic,0,0
Samuel Vincent Ruggeri,0,0
Ignacio Monzon,0,0
Duarte Vale,0,0
Raul Brancaccio,0,0
Murkel Dellien,0,0
Mark Lajal,0,0
Kris Van Wyk,0,0
Jose Fco. Vidal Azorin,0,0
Nicolas Kicker,73,21
Sam Querrey,82,10
Kyle Seelig,0,0
Stefan Palosi,0,0
Kiranpal Pannu,0,0
